/scratch/eo41/adept/videos/train/train_00170.mp4, 1
/scratch/eo41/adept/videos/train/train_00598.mp4, 1
/scratch/eo41/adept/videos/train/train_00940.mp4, 1
/scratch/eo41/adept/videos/train/train_00855.mp4, 1
/scratch/eo41/adept/videos/train/train_00160.mp4, 1
/scratch/eo41/adept/videos/train/train_00544.mp4, 1
/scratch/eo41/adept/videos/train/train_00508.mp4, 1
/scratch/eo41/adept/videos/train/train_00270.mp4, 1
/scratch/eo41/adept/videos/train/train_00491.mp4, 1
/scratch/eo41/adept/videos/train/train_00914.mp4, 1
/scratch/eo41/adept/videos/train/train_00472.mp4, 1
/scratch/eo41/adept/videos/train/train_00077.mp4, 1
/scratch/eo41/adept/videos/train/train_00937.mp4, 1
/scratch/eo41/adept/videos/train/train_00837.mp4, 1
/scratch/eo41/adept/videos/train/train_00934.mp4, 1
/scratch/eo41/adept/videos/train/train_00159.mp4, 1
/scratch/eo41/adept/videos/train/train_00635.mp4, 1
/scratch/eo41/adept/videos/train/train_00037.mp4, 1
/scratch/eo41/adept/videos/train/train_00869.mp4, 1
/scratch/eo41/adept/videos/train/train_00510.mp4, 1
/scratch/eo41/adept/videos/train/train_00631.mp4, 1
/scratch/eo41/adept/videos/train/train_00740.mp4, 1
/scratch/eo41/adept/videos/train/train_00729.mp4, 1
/scratch/eo41/adept/videos/train/train_00212.mp4, 1
/scratch/eo41/adept/videos/train/train_00788.mp4, 1
/scratch/eo41/adept/videos/train/train_00657.mp4, 1
/scratch/eo41/adept/videos/train/train_00997.mp4, 1
/scratch/eo41/adept/videos/train/train_00367.mp4, 1
/scratch/eo41/adept/videos/train/train_00364.mp4, 1
/scratch/eo41/adept/videos/train/train_00616.mp4, 1
/scratch/eo41/adept/videos/train/train_00241.mp4, 1
/scratch/eo41/adept/videos/train/train_00724.mp4, 1
/scratch/eo41/adept/videos/train/train_00721.mp4, 1
/scratch/eo41/adept/videos/train/train_00176.mp4, 1
/scratch/eo41/adept/videos/train/train_00780.mp4, 1
/scratch/eo41/adept/videos/train/train_00066.mp4, 1
/scratch/eo41/adept/videos/train/train_00439.mp4, 1
/scratch/eo41/adept/videos/train/train_00379.mp4, 1
/scratch/eo41/adept/videos/train/train_00376.mp4, 1
/scratch/eo41/adept/videos/train/train_00289.mp4, 1
/scratch/eo41/adept/videos/train/train_00086.mp4, 1
/scratch/eo41/adept/videos/train/train_00758.mp4, 1
/scratch/eo41/adept/videos/train/train_00282.mp4, 1
/scratch/eo41/adept/videos/train/train_00105.mp4, 1
/scratch/eo41/adept/videos/train/train_00256.mp4, 1
/scratch/eo41/adept/videos/train/train_00312.mp4, 1
/scratch/eo41/adept/videos/train/train_00742.mp4, 1
/scratch/eo41/adept/videos/train/train_00004.mp4, 1
/scratch/eo41/adept/videos/train/train_00884.mp4, 1
/scratch/eo41/adept/videos/train/train_00599.mp4, 1
/scratch/eo41/adept/videos/train/train_00750.mp4, 1
/scratch/eo41/adept/videos/train/train_00711.mp4, 1
/scratch/eo41/adept/videos/train/train_00323.mp4, 1
/scratch/eo41/adept/videos/train/train_00412.mp4, 1
/scratch/eo41/adept/videos/train/train_00244.mp4, 1
/scratch/eo41/adept/videos/train/train_00150.mp4, 1
/scratch/eo41/adept/videos/train/train_00929.mp4, 1
/scratch/eo41/adept/videos/train/train_00109.mp4, 1
/scratch/eo41/adept/videos/train/train_00347.mp4, 1
/scratch/eo41/adept/videos/train/train_00592.mp4, 1
/scratch/eo41/adept/videos/train/train_00912.mp4, 1
/scratch/eo41/adept/videos/train/train_00124.mp4, 1
/scratch/eo41/adept/videos/train/train_00053.mp4, 1
/scratch/eo41/adept/videos/train/train_00536.mp4, 1
/scratch/eo41/adept/videos/train/train_00875.mp4, 1
/scratch/eo41/adept/videos/train/train_00122.mp4, 1
/scratch/eo41/adept/videos/train/train_00565.mp4, 1
/scratch/eo41/adept/videos/train/train_00434.mp4, 1
/scratch/eo41/adept/videos/train/train_00023.mp4, 1
/scratch/eo41/adept/videos/train/train_00431.mp4, 1
/scratch/eo41/adept/videos/train/train_00967.mp4, 1
/scratch/eo41/adept/videos/train/train_00705.mp4, 1
/scratch/eo41/adept/videos/train/train_00636.mp4, 1
/scratch/eo41/adept/videos/train/train_00796.mp4, 1
/scratch/eo41/adept/videos/train/train_00050.mp4, 1
/scratch/eo41/adept/videos/train/train_00000.mp4, 1
/scratch/eo41/adept/videos/train/train_00515.mp4, 1
/scratch/eo41/adept/videos/train/train_00333.mp4, 1
/scratch/eo41/adept/videos/train/train_00022.mp4, 1
/scratch/eo41/adept/videos/train/train_00512.mp4, 1
/scratch/eo41/adept/videos/train/train_00452.mp4, 1
/scratch/eo41/adept/videos/train/train_00285.mp4, 1
/scratch/eo41/adept/videos/train/train_00119.mp4, 1
/scratch/eo41/adept/videos/train/train_00263.mp4, 1
/scratch/eo41/adept/videos/train/train_00334.mp4, 1
/scratch/eo41/adept/videos/train/train_00881.mp4, 1
/scratch/eo41/adept/videos/train/train_00785.mp4, 1
/scratch/eo41/adept/videos/train/train_00927.mp4, 1
/scratch/eo41/adept/videos/train/train_00628.mp4, 1
/scratch/eo41/adept/videos/train/train_00302.mp4, 1
/scratch/eo41/adept/videos/train/train_00865.mp4, 1
/scratch/eo41/adept/videos/train/train_00926.mp4, 1
/scratch/eo41/adept/videos/train/train_00708.mp4, 1
/scratch/eo41/adept/videos/train/train_00078.mp4, 1
/scratch/eo41/adept/videos/train/train_00257.mp4, 1
/scratch/eo41/adept/videos/train/train_00621.mp4, 1
/scratch/eo41/adept/videos/train/train_00200.mp4, 1
/scratch/eo41/adept/videos/train/train_00730.mp4, 1
/scratch/eo41/adept/videos/train/train_00883.mp4, 1
/scratch/eo41/adept/videos/train/train_00357.mp4, 1
/scratch/eo41/adept/videos/train/train_00462.mp4, 1
/scratch/eo41/adept/videos/train/train_00337.mp4, 1
/scratch/eo41/adept/videos/train/train_00158.mp4, 1
/scratch/eo41/adept/videos/train/train_00765.mp4, 1
/scratch/eo41/adept/videos/train/train_00810.mp4, 1
/scratch/eo41/adept/videos/train/train_00151.mp4, 1
/scratch/eo41/adept/videos/train/train_00020.mp4, 1
/scratch/eo41/adept/videos/train/train_00793.mp4, 1
/scratch/eo41/adept/videos/train/train_00479.mp4, 1
/scratch/eo41/adept/videos/train/train_00817.mp4, 1
/scratch/eo41/adept/videos/train/train_00649.mp4, 1
/scratch/eo41/adept/videos/train/train_00814.mp4, 1
/scratch/eo41/adept/videos/train/train_00408.mp4, 1
/scratch/eo41/adept/videos/train/train_00251.mp4, 1
/scratch/eo41/adept/videos/train/train_00527.mp4, 1
/scratch/eo41/adept/videos/train/train_00678.mp4, 1
/scratch/eo41/adept/videos/train/train_00624.mp4, 1
/scratch/eo41/adept/videos/train/train_00509.mp4, 1
/scratch/eo41/adept/videos/train/train_00303.mp4, 1
/scratch/eo41/adept/videos/train/train_00083.mp4, 1
/scratch/eo41/adept/videos/train/train_00191.mp4, 1
/scratch/eo41/adept/videos/train/train_00835.mp4, 1
/scratch/eo41/adept/videos/train/train_00433.mp4, 1
/scratch/eo41/adept/videos/train/train_00720.mp4, 1
/scratch/eo41/adept/videos/train/train_00143.mp4, 1
/scratch/eo41/adept/videos/train/train_00140.mp4, 1
/scratch/eo41/adept/videos/train/train_00012.mp4, 1
/scratch/eo41/adept/videos/train/train_00579.mp4, 1
/scratch/eo41/adept/videos/train/train_00585.mp4, 1
/scratch/eo41/adept/videos/train/train_00545.mp4, 1
/scratch/eo41/adept/videos/train/train_00391.mp4, 1
/scratch/eo41/adept/videos/train/train_00344.mp4, 1
/scratch/eo41/adept/videos/train/train_00923.mp4, 1
/scratch/eo41/adept/videos/train/train_00291.mp4, 1
/scratch/eo41/adept/videos/train/train_00400.mp4, 1
/scratch/eo41/adept/videos/train/train_00783.mp4, 1
/scratch/eo41/adept/videos/train/train_00852.mp4, 1
/scratch/eo41/adept/videos/train/train_00910.mp4, 1
/scratch/eo41/adept/videos/train/train_00562.mp4, 1
/scratch/eo41/adept/videos/train/train_00958.mp4, 1
/scratch/eo41/adept/videos/train/train_00258.mp4, 1
/scratch/eo41/adept/videos/train/train_00363.mp4, 1
/scratch/eo41/adept/videos/train/train_00726.mp4, 1
/scratch/eo41/adept/videos/train/train_00505.mp4, 1
/scratch/eo41/adept/videos/train/train_00738.mp4, 1
/scratch/eo41/adept/videos/train/train_00443.mp4, 1
/scratch/eo41/adept/videos/train/train_00182.mp4, 1
/scratch/eo41/adept/videos/train/train_00564.mp4, 1
/scratch/eo41/adept/videos/train/train_00288.mp4, 1
/scratch/eo41/adept/videos/train/train_00976.mp4, 1
/scratch/eo41/adept/videos/train/train_00761.mp4, 1
/scratch/eo41/adept/videos/train/train_00670.mp4, 1
/scratch/eo41/adept/videos/train/train_00463.mp4, 1
/scratch/eo41/adept/videos/train/train_00067.mp4, 1
/scratch/eo41/adept/videos/train/train_00338.mp4, 1
/scratch/eo41/adept/videos/train/train_00905.mp4, 1
/scratch/eo41/adept/videos/train/train_00398.mp4, 1
/scratch/eo41/adept/videos/train/train_00428.mp4, 1
/scratch/eo41/adept/videos/train/train_00874.mp4, 1
/scratch/eo41/adept/videos/train/train_00871.mp4, 1
/scratch/eo41/adept/videos/train/train_00331.mp4, 1
/scratch/eo41/adept/videos/train/train_00156.mp4, 1
/scratch/eo41/adept/videos/train/train_00784.mp4, 1
/scratch/eo41/adept/videos/train/train_00775.mp4, 1
/scratch/eo41/adept/videos/train/train_00680.mp4, 1
/scratch/eo41/adept/videos/train/train_00403.mp4, 1
/scratch/eo41/adept/videos/train/train_00605.mp4, 1
/scratch/eo41/adept/videos/train/train_00805.mp4, 1
/scratch/eo41/adept/videos/train/train_00802.mp4, 1
/scratch/eo41/adept/videos/train/train_00147.mp4, 1
/scratch/eo41/adept/videos/train/train_00639.mp4, 1
/scratch/eo41/adept/videos/train/train_00889.mp4, 1
/scratch/eo41/adept/videos/train/train_00260.mp4, 1
/scratch/eo41/adept/videos/train/train_00878.mp4, 1
/scratch/eo41/adept/videos/train/train_00248.mp4, 1
/scratch/eo41/adept/videos/train/train_00208.mp4, 1
/scratch/eo41/adept/videos/train/train_00517.mp4, 1
/scratch/eo41/adept/videos/train/train_00185.mp4, 1
/scratch/eo41/adept/videos/train/train_00661.mp4, 1
/scratch/eo41/adept/videos/train/train_00681.mp4, 1
/scratch/eo41/adept/videos/train/train_00383.mp4, 1
/scratch/eo41/adept/videos/train/train_00778.mp4, 1
/scratch/eo41/adept/videos/train/train_00406.mp4, 1
/scratch/eo41/adept/videos/train/train_00314.mp4, 1
/scratch/eo41/adept/videos/train/train_00821.mp4, 1
/scratch/eo41/adept/videos/train/train_00162.mp4, 1
/scratch/eo41/adept/videos/train/train_00861.mp4, 1
/scratch/eo41/adept/videos/train/train_00596.mp4, 1
/scratch/eo41/adept/videos/train/train_00587.mp4, 1
/scratch/eo41/adept/videos/train/train_00297.mp4, 1
/scratch/eo41/adept/videos/train/train_00215.mp4, 1
/scratch/eo41/adept/videos/train/train_00640.mp4, 1
/scratch/eo41/adept/videos/train/train_00485.mp4, 1
/scratch/eo41/adept/videos/train/train_00483.mp4, 1
/scratch/eo41/adept/videos/train/train_00235.mp4, 1
/scratch/eo41/adept/videos/train/train_00580.mp4, 1
/scratch/eo41/adept/videos/train/train_00414.mp4, 1
/scratch/eo41/adept/videos/train/train_00977.mp4, 1
/scratch/eo41/adept/videos/train/train_00065.mp4, 1
/scratch/eo41/adept/videos/train/train_00851.mp4, 1
/scratch/eo41/adept/videos/train/train_00060.mp4, 1
/scratch/eo41/adept/videos/train/train_00453.mp4, 1
/scratch/eo41/adept/videos/train/train_00930.mp4, 1
/scratch/eo41/adept/videos/train/train_00732.mp4, 1
/scratch/eo41/adept/videos/train/train_00691.mp4, 1
/scratch/eo41/adept/videos/train/train_00556.mp4, 1
/scratch/eo41/adept/videos/train/train_00013.mp4, 1
/scratch/eo41/adept/videos/train/train_00142.mp4, 1
/scratch/eo41/adept/videos/train/train_00284.mp4, 1
/scratch/eo41/adept/videos/train/train_00464.mp4, 1
/scratch/eo41/adept/videos/train/train_00281.mp4, 1
/scratch/eo41/adept/videos/train/train_00971.mp4, 1
/scratch/eo41/adept/videos/train/train_00597.mp4, 1
/scratch/eo41/adept/videos/train/train_00642.mp4, 1
/scratch/eo41/adept/videos/train/train_00016.mp4, 1
/scratch/eo41/adept/videos/train/train_00900.mp4, 1
/scratch/eo41/adept/videos/train/train_00880.mp4, 1
/scratch/eo41/adept/videos/train/train_00629.mp4, 1
/scratch/eo41/adept/videos/train/train_00356.mp4, 1
/scratch/eo41/adept/videos/train/train_00362.mp4, 1
/scratch/eo41/adept/videos/train/train_00353.mp4, 1
/scratch/eo41/adept/videos/train/train_00798.mp4, 1
/scratch/eo41/adept/videos/train/train_00955.mp4, 1
/scratch/eo41/adept/videos/train/train_00658.mp4, 1
/scratch/eo41/adept/videos/train/train_00961.mp4, 1
/scratch/eo41/adept/videos/train/train_00713.mp4, 1
/scratch/eo41/adept/videos/train/train_00493.mp4, 1
/scratch/eo41/adept/videos/train/train_00663.mp4, 1
/scratch/eo41/adept/videos/train/train_00108.mp4, 1
/scratch/eo41/adept/videos/train/train_00456.mp4, 1
/scratch/eo41/adept/videos/train/train_00782.mp4, 1
/scratch/eo41/adept/videos/train/train_00184.mp4, 1
/scratch/eo41/adept/videos/train/train_00898.mp4, 1
/scratch/eo41/adept/videos/train/train_00525.mp4, 1
/scratch/eo41/adept/videos/train/train_00774.mp4, 1
/scratch/eo41/adept/videos/train/train_00537.mp4, 1
/scratch/eo41/adept/videos/train/train_00885.mp4, 1
/scratch/eo41/adept/videos/train/train_00375.mp4, 1
/scratch/eo41/adept/videos/train/train_00633.mp4, 1
/scratch/eo41/adept/videos/train/train_00974.mp4, 1
/scratch/eo41/adept/videos/train/train_00003.mp4, 1
/scratch/eo41/adept/videos/train/train_00776.mp4, 1
/scratch/eo41/adept/videos/train/train_00169.mp4, 1
/scratch/eo41/adept/videos/train/train_00645.mp4, 1
/scratch/eo41/adept/videos/train/train_00427.mp4, 1
/scratch/eo41/adept/videos/train/train_00903.mp4, 1
/scratch/eo41/adept/videos/train/train_00192.mp4, 1
/scratch/eo41/adept/videos/train/train_00917.mp4, 1
/scratch/eo41/adept/videos/train/train_00064.mp4, 1
/scratch/eo41/adept/videos/train/train_00832.mp4, 1
/scratch/eo41/adept/videos/train/train_00748.mp4, 1
/scratch/eo41/adept/videos/train/train_00018.mp4, 1
/scratch/eo41/adept/videos/train/train_00475.mp4, 1
/scratch/eo41/adept/videos/train/train_00682.mp4, 1
/scratch/eo41/adept/videos/train/train_00771.mp4, 1
/scratch/eo41/adept/videos/train/train_00063.mp4, 1
/scratch/eo41/adept/videos/train/train_00734.mp4, 1
/scratch/eo41/adept/videos/train/train_00714.mp4, 1
/scratch/eo41/adept/videos/train/train_00051.mp4, 1
/scratch/eo41/adept/videos/train/train_00528.mp4, 1
/scratch/eo41/adept/videos/train/train_00313.mp4, 1
/scratch/eo41/adept/videos/train/train_00888.mp4, 1
/scratch/eo41/adept/videos/train/train_00546.mp4, 1
/scratch/eo41/adept/videos/train/train_00999.mp4, 1
/scratch/eo41/adept/videos/train/train_00601.mp4, 1
/scratch/eo41/adept/videos/train/train_00421.mp4, 1
/scratch/eo41/adept/videos/train/train_00906.mp4, 1
/scratch/eo41/adept/videos/train/train_00024.mp4, 1
/scratch/eo41/adept/videos/train/train_00957.mp4, 1
/scratch/eo41/adept/videos/train/train_00359.mp4, 1
/scratch/eo41/adept/videos/train/train_00476.mp4, 1
/scratch/eo41/adept/videos/train/train_00975.mp4, 1
/scratch/eo41/adept/videos/train/train_00377.mp4, 1
/scratch/eo41/adept/videos/train/train_00141.mp4, 1
/scratch/eo41/adept/videos/train/train_00069.mp4, 1
/scratch/eo41/adept/videos/train/train_00045.mp4, 1
/scratch/eo41/adept/videos/train/train_00042.mp4, 1
/scratch/eo41/adept/videos/train/train_00343.mp4, 1
/scratch/eo41/adept/videos/train/train_00460.mp4, 1
/scratch/eo41/adept/videos/train/train_00804.mp4, 1
/scratch/eo41/adept/videos/train/train_00996.mp4, 1
/scratch/eo41/adept/videos/train/train_00005.mp4, 1
/scratch/eo41/adept/videos/train/train_00696.mp4, 1
/scratch/eo41/adept/videos/train/train_00449.mp4, 1
/scratch/eo41/adept/videos/train/train_00922.mp4, 1
/scratch/eo41/adept/videos/train/train_00899.mp4, 1
/scratch/eo41/adept/videos/train/train_00497.mp4, 1
/scratch/eo41/adept/videos/train/train_00684.mp4, 1
/scratch/eo41/adept/videos/train/train_00236.mp4, 1
/scratch/eo41/adept/videos/train/train_00277.mp4, 1
/scratch/eo41/adept/videos/train/train_00698.mp4, 1
/scratch/eo41/adept/videos/train/train_00854.mp4, 1
/scratch/eo41/adept/videos/train/train_00627.mp4, 1
/scratch/eo41/adept/videos/train/train_00360.mp4, 1
/scratch/eo41/adept/videos/train/train_00247.mp4, 1
/scratch/eo41/adept/videos/train/train_00238.mp4, 1
/scratch/eo41/adept/videos/train/train_00893.mp4, 1
/scratch/eo41/adept/videos/train/train_00076.mp4, 1
/scratch/eo41/adept/videos/train/train_00429.mp4, 1
/scratch/eo41/adept/videos/train/train_00552.mp4, 1
/scratch/eo41/adept/videos/train/train_00945.mp4, 1
/scratch/eo41/adept/videos/train/train_00532.mp4, 1
/scratch/eo41/adept/videos/train/train_00826.mp4, 1
/scratch/eo41/adept/videos/train/train_00157.mp4, 1
/scratch/eo41/adept/videos/train/train_00382.mp4, 1
/scratch/eo41/adept/videos/train/train_00326.mp4, 1
/scratch/eo41/adept/videos/train/train_00803.mp4, 1
/scratch/eo41/adept/videos/train/train_00850.mp4, 1
/scratch/eo41/adept/videos/train/train_00001.mp4, 1
/scratch/eo41/adept/videos/train/train_00496.mp4, 1
/scratch/eo41/adept/videos/train/train_00561.mp4, 1
/scratch/eo41/adept/videos/train/train_00149.mp4, 1
/scratch/eo41/adept/videos/train/train_00466.mp4, 1
/scratch/eo41/adept/videos/train/train_00896.mp4, 1
/scratch/eo41/adept/videos/train/train_00432.mp4, 1
/scratch/eo41/adept/videos/train/train_00091.mp4, 1
/scratch/eo41/adept/videos/train/train_00059.mp4, 1
/scratch/eo41/adept/videos/train/train_00928.mp4, 1
/scratch/eo41/adept/videos/train/train_00308.mp4, 1
/scratch/eo41/adept/videos/train/train_00553.mp4, 1
/scratch/eo41/adept/videos/train/train_00916.mp4, 1
/scratch/eo41/adept/videos/train/train_00305.mp4, 1
/scratch/eo41/adept/videos/train/train_00385.mp4, 1
/scratch/eo41/adept/videos/train/train_00830.mp4, 1
/scratch/eo41/adept/videos/train/train_00437.mp4, 1
/scratch/eo41/adept/videos/train/train_00311.mp4, 1
/scratch/eo41/adept/videos/train/train_00913.mp4, 1
/scratch/eo41/adept/videos/train/train_00161.mp4, 1
/scratch/eo41/adept/videos/train/train_00904.mp4, 1
/scratch/eo41/adept/videos/train/train_00777.mp4, 1
/scratch/eo41/adept/videos/train/train_00521.mp4, 1
/scratch/eo41/adept/videos/train/train_00043.mp4, 1
/scratch/eo41/adept/videos/train/train_00384.mp4, 1
/scratch/eo41/adept/videos/train/train_00411.mp4, 1
/scratch/eo41/adept/videos/train/train_00591.mp4, 1
/scratch/eo41/adept/videos/train/train_00262.mp4, 1
/scratch/eo41/adept/videos/train/train_00952.mp4, 1
/scratch/eo41/adept/videos/train/train_00609.mp4, 1
/scratch/eo41/adept/videos/train/train_00276.mp4, 1
/scratch/eo41/adept/videos/train/train_00195.mp4, 1
/scratch/eo41/adept/videos/train/train_00534.mp4, 1
/scratch/eo41/adept/videos/train/train_00336.mp4, 1
/scratch/eo41/adept/videos/train/train_00328.mp4, 1
/scratch/eo41/adept/videos/train/train_00205.mp4, 1
/scratch/eo41/adept/videos/train/train_00181.mp4, 1
/scratch/eo41/adept/videos/train/train_00986.mp4, 1
/scratch/eo41/adept/videos/train/train_00533.mp4, 1
/scratch/eo41/adept/videos/train/train_00558.mp4, 1
/scratch/eo41/adept/videos/train/train_00643.mp4, 1
/scratch/eo41/adept/videos/train/train_00970.mp4, 1
/scratch/eo41/adept/videos/train/train_00794.mp4, 1
/scratch/eo41/adept/videos/train/train_00968.mp4, 1
/scratch/eo41/adept/videos/train/train_00237.mp4, 1
/scratch/eo41/adept/videos/train/train_00589.mp4, 1
/scratch/eo41/adept/videos/train/train_00214.mp4, 1
/scratch/eo41/adept/videos/train/train_00559.mp4, 1
/scratch/eo41/adept/videos/train/train_00049.mp4, 1
/scratch/eo41/adept/videos/train/train_00816.mp4, 1
/scratch/eo41/adept/videos/train/train_00870.mp4, 1
/scratch/eo41/adept/videos/train/train_00498.mp4, 1
/scratch/eo41/adept/videos/train/train_00478.mp4, 1
/scratch/eo41/adept/videos/train/train_00407.mp4, 1
/scratch/eo41/adept/videos/train/train_00529.mp4, 1
/scratch/eo41/adept/videos/train/train_00638.mp4, 1
/scratch/eo41/adept/videos/train/train_00009.mp4, 1
/scratch/eo41/adept/videos/train/train_00121.mp4, 1
/scratch/eo41/adept/videos/train/train_00006.mp4, 1
/scratch/eo41/adept/videos/train/train_00877.mp4, 1
/scratch/eo41/adept/videos/train/train_00280.mp4, 1
/scratch/eo41/adept/videos/train/train_00365.mp4, 1
/scratch/eo41/adept/videos/train/train_00234.mp4, 1
/scratch/eo41/adept/videos/train/train_00332.mp4, 1
/scratch/eo41/adept/videos/train/train_00686.mp4, 1
/scratch/eo41/adept/videos/train/train_00650.mp4, 1
/scratch/eo41/adept/videos/train/train_00484.mp4, 1
/scratch/eo41/adept/videos/train/train_00702.mp4, 1
/scratch/eo41/adept/videos/train/train_00118.mp4, 1
/scratch/eo41/adept/videos/train/train_00180.mp4, 1
/scratch/eo41/adept/videos/train/train_00520.mp4, 1
/scratch/eo41/adept/videos/train/train_00112.mp4, 1
/scratch/eo41/adept/videos/train/train_00872.mp4, 1
/scratch/eo41/adept/videos/train/train_00704.mp4, 1
/scratch/eo41/adept/videos/train/train_00417.mp4, 1
/scratch/eo41/adept/videos/train/train_00329.mp4, 1
/scratch/eo41/adept/videos/train/train_00033.mp4, 1
/scratch/eo41/adept/videos/train/train_00632.mp4, 1
/scratch/eo41/adept/videos/train/train_00113.mp4, 1
/scratch/eo41/adept/videos/train/train_00405.mp4, 1
/scratch/eo41/adept/videos/train/train_00352.mp4, 1
/scratch/eo41/adept/videos/train/train_00620.mp4, 1
/scratch/eo41/adept/videos/train/train_00482.mp4, 1
/scratch/eo41/adept/videos/train/train_00993.mp4, 1
/scratch/eo41/adept/videos/train/train_00299.mp4, 1
/scratch/eo41/adept/videos/train/train_00177.mp4, 1
/scratch/eo41/adept/videos/train/train_00514.mp4, 1
/scratch/eo41/adept/videos/train/train_00772.mp4, 1
/scratch/eo41/adept/videos/train/train_00526.mp4, 1
/scratch/eo41/adept/videos/train/train_00378.mp4, 1
/scratch/eo41/adept/videos/train/train_00115.mp4, 1
/scratch/eo41/adept/videos/train/train_00963.mp4, 1
/scratch/eo41/adept/videos/train/train_00330.mp4, 1
/scratch/eo41/adept/videos/train/train_00062.mp4, 1
/scratch/eo41/adept/videos/train/train_00626.mp4, 1
/scratch/eo41/adept/videos/train/train_00511.mp4, 1
/scratch/eo41/adept/videos/train/train_00199.mp4, 1
/scratch/eo41/adept/videos/train/train_00056.mp4, 1
/scratch/eo41/adept/videos/train/train_00925.mp4, 1
/scratch/eo41/adept/videos/train/train_00019.mp4, 1
/scratch/eo41/adept/videos/train/train_00028.mp4, 1
/scratch/eo41/adept/videos/train/train_00465.mp4, 1
/scratch/eo41/adept/videos/train/train_00188.mp4, 1
/scratch/eo41/adept/videos/train/train_00327.mp4, 1
/scratch/eo41/adept/videos/train/train_00676.mp4, 1
/scratch/eo41/adept/videos/train/train_00819.mp4, 1
/scratch/eo41/adept/videos/train/train_00800.mp4, 1
/scratch/eo41/adept/videos/train/train_00457.mp4, 1
/scratch/eo41/adept/videos/train/train_00901.mp4, 1
/scratch/eo41/adept/videos/train/train_00919.mp4, 1
/scratch/eo41/adept/videos/train/train_00340.mp4, 1
/scratch/eo41/adept/videos/train/train_00261.mp4, 1
/scratch/eo41/adept/videos/train/train_00038.mp4, 1
/scratch/eo41/adept/videos/train/train_00964.mp4, 1
/scratch/eo41/adept/videos/train/train_00951.mp4, 1
/scratch/eo41/adept/videos/train/train_00459.mp4, 1
/scratch/eo41/adept/videos/train/train_00440.mp4, 1
/scratch/eo41/adept/videos/train/train_00935.mp4, 1
/scratch/eo41/adept/videos/train/train_00224.mp4, 1
/scratch/eo41/adept/videos/train/train_00932.mp4, 1
/scratch/eo41/adept/videos/train/train_00420.mp4, 1
/scratch/eo41/adept/videos/train/train_00716.mp4, 1
/scratch/eo41/adept/videos/train/train_00766.mp4, 1
/scratch/eo41/adept/videos/train/train_00294.mp4, 1
/scratch/eo41/adept/videos/train/train_00789.mp4, 1
/scratch/eo41/adept/videos/train/train_00786.mp4, 1
/scratch/eo41/adept/videos/train/train_00992.mp4, 1
/scratch/eo41/adept/videos/train/train_00278.mp4, 1
/scratch/eo41/adept/videos/train/train_00969.mp4, 1
/scratch/eo41/adept/videos/train/train_00754.mp4, 1
/scratch/eo41/adept/videos/train/train_00966.mp4, 1
/scratch/eo41/adept/videos/train/train_00751.mp4, 1
/scratch/eo41/adept/videos/train/train_00715.mp4, 1
/scratch/eo41/adept/videos/train/train_00040.mp4, 1
/scratch/eo41/adept/videos/train/train_00648.mp4, 1
/scratch/eo41/adept/videos/train/train_00320.mp4, 1
/scratch/eo41/adept/videos/train/train_00228.mp4, 1
/scratch/eo41/adept/videos/train/train_00372.mp4, 1
/scratch/eo41/adept/videos/train/train_00617.mp4, 1
/scratch/eo41/adept/videos/train/train_00058.mp4, 1
/scratch/eo41/adept/videos/train/train_00954.mp4, 1
/scratch/eo41/adept/videos/train/train_00136.mp4, 1
/scratch/eo41/adept/videos/train/train_00689.mp4, 1
/scratch/eo41/adept/videos/train/train_00578.mp4, 1
/scratch/eo41/adept/videos/train/train_00745.mp4, 1
/scratch/eo41/adept/videos/train/train_00455.mp4, 1
/scratch/eo41/adept/videos/train/train_00806.mp4, 1
/scratch/eo41/adept/videos/train/train_00507.mp4, 1
/scratch/eo41/adept/videos/train/train_00138.mp4, 1
/scratch/eo41/adept/videos/train/train_00233.mp4, 1
/scratch/eo41/adept/videos/train/train_00316.mp4, 1
/scratch/eo41/adept/videos/train/train_00769.mp4, 1
/scratch/eo41/adept/videos/train/train_00946.mp4, 1
/scratch/eo41/adept/videos/train/train_00845.mp4, 1
/scratch/eo41/adept/videos/train/train_00943.mp4, 1
/scratch/eo41/adept/videos/train/train_00123.mp4, 1
/scratch/eo41/adept/videos/train/train_00035.mp4, 1
/scratch/eo41/adept/videos/train/train_00223.mp4, 1
/scratch/eo41/adept/videos/train/train_00557.mp4, 1
/scratch/eo41/adept/videos/train/train_00727.mp4, 1
/scratch/eo41/adept/videos/train/train_00973.mp4, 1
/scratch/eo41/adept/videos/train/train_00998.mp4, 1
/scratch/eo41/adept/videos/train/train_00246.mp4, 1
/scratch/eo41/adept/videos/train/train_00827.mp4, 1
/scratch/eo41/adept/videos/train/train_00867.mp4, 1
/scratch/eo41/adept/videos/train/train_00722.mp4, 1
/scratch/eo41/adept/videos/train/train_00790.mp4, 1
/scratch/eo41/adept/videos/train/train_00666.mp4, 1
/scratch/eo41/adept/videos/train/train_00809.mp4, 1
/scratch/eo41/adept/videos/train/train_00902.mp4, 1
/scratch/eo41/adept/videos/train/train_00499.mp4, 1
/scratch/eo41/adept/videos/train/train_00972.mp4, 1
/scratch/eo41/adept/videos/train/train_00756.mp4, 1
/scratch/eo41/adept/videos/train/train_00594.mp4, 1
/scratch/eo41/adept/videos/train/train_00549.mp4, 1
/scratch/eo41/adept/videos/train/train_00753.mp4, 1
/scratch/eo41/adept/videos/train/train_00211.mp4, 1
/scratch/eo41/adept/videos/train/train_00231.mp4, 1
/scratch/eo41/adept/videos/train/train_00654.mp4, 1
/scratch/eo41/adept/videos/train/train_00856.mp4, 1
/scratch/eo41/adept/videos/train/train_00690.mp4, 1
/scratch/eo41/adept/videos/train/train_00206.mp4, 1
/scratch/eo41/adept/videos/train/train_00197.mp4, 1
/scratch/eo41/adept/videos/train/train_00194.mp4, 1
/scratch/eo41/adept/videos/train/train_00369.mp4, 1
/scratch/eo41/adept/videos/train/train_00079.mp4, 1
/scratch/eo41/adept/videos/train/train_00249.mp4, 1
/scratch/eo41/adept/videos/train/train_00099.mp4, 1
/scratch/eo41/adept/videos/train/train_00396.mp4, 1
/scratch/eo41/adept/videos/train/train_00687.mp4, 1
/scratch/eo41/adept/videos/train/train_00982.mp4, 1
/scratch/eo41/adept/videos/train/train_00763.mp4, 1
/scratch/eo41/adept/videos/train/train_00144.mp4, 1
/scratch/eo41/adept/videos/train/train_00581.mp4, 1
/scratch/eo41/adept/videos/train/train_00080.mp4, 1
/scratch/eo41/adept/videos/train/train_00693.mp4, 1
/scratch/eo41/adept/videos/train/train_00390.mp4, 1
/scratch/eo41/adept/videos/train/train_00117.mp4, 1
/scratch/eo41/adept/videos/train/train_00846.mp4, 1
/scratch/eo41/adept/videos/train/train_00358.mp4, 1
/scratch/eo41/adept/videos/train/train_00673.mp4, 1
/scratch/eo41/adept/videos/train/train_00213.mp4, 1
/scratch/eo41/adept/videos/train/train_00355.mp4, 1
/scratch/eo41/adept/videos/train/train_00054.mp4, 1
/scratch/eo41/adept/videos/train/train_00728.mp4, 1
/scratch/eo41/adept/videos/train/train_00413.mp4, 1
/scratch/eo41/adept/videos/train/train_00931.mp4, 1
/scratch/eo41/adept/videos/train/train_00831.mp4, 1
/scratch/eo41/adept/videos/train/train_00725.mp4, 1
/scratch/eo41/adept/videos/train/train_00622.mp4, 1
/scratch/eo41/adept/videos/train/train_00495.mp4, 1
/scratch/eo41/adept/videos/train/train_00307.mp4, 1
/scratch/eo41/adept/videos/train/train_00135.mp4, 1
/scratch/eo41/adept/videos/train/train_00868.mp4, 1
/scratch/eo41/adept/videos/train/train_00759.mp4, 1
/scratch/eo41/adept/videos/train/train_00838.mp4, 1
/scratch/eo41/adept/videos/train/train_00075.mp4, 1
/scratch/eo41/adept/videos/train/train_00576.mp4, 1
/scratch/eo41/adept/videos/train/train_00387.mp4, 1
/scratch/eo41/adept/videos/train/train_00361.mp4, 1
/scratch/eo41/adept/videos/train/train_00445.mp4, 1
/scratch/eo41/adept/videos/train/train_00863.mp4, 1
/scratch/eo41/adept/videos/train/train_00230.mp4, 1
/scratch/eo41/adept/videos/train/train_00029.mp4, 1
/scratch/eo41/adept/videos/train/train_00442.mp4, 1
/scratch/eo41/adept/videos/train/train_00860.mp4, 1
/scratch/eo41/adept/videos/train/train_00619.mp4, 1
/scratch/eo41/adept/videos/train/train_00822.mp4, 1
/scratch/eo41/adept/videos/train/train_00017.mp4, 1
/scratch/eo41/adept/videos/train/train_00947.mp4, 1
/scratch/eo41/adept/videos/train/train_00393.mp4, 1
/scratch/eo41/adept/videos/train/train_00324.mp4, 1
/scratch/eo41/adept/videos/train/train_00458.mp4, 1
/scratch/eo41/adept/videos/train/train_00719.mp4, 1
/scratch/eo41/adept/videos/train/train_00494.mp4, 1
/scratch/eo41/adept/videos/train/train_00542.mp4, 1
/scratch/eo41/adept/videos/train/train_00232.mp4, 1
/scratch/eo41/adept/videos/train/train_00046.mp4, 1
/scratch/eo41/adept/videos/train/train_00404.mp4, 1
/scratch/eo41/adept/videos/train/train_00489.mp4, 1
/scratch/eo41/adept/videos/train/train_00614.mp4, 1
/scratch/eo41/adept/videos/train/train_00349.mp4, 1
/scratch/eo41/adept/videos/train/train_00560.mp4, 1
/scratch/eo41/adept/videos/train/train_00381.mp4, 1
/scratch/eo41/adept/videos/train/train_00675.mp4, 1
/scratch/eo41/adept/videos/train/train_00948.mp4, 1
/scratch/eo41/adept/videos/train/train_00187.mp4, 1
/scratch/eo41/adept/videos/train/train_00823.mp4, 1
/scratch/eo41/adept/videos/train/train_00044.mp4, 1
/scratch/eo41/adept/videos/train/train_00239.mp4, 1
/scratch/eo41/adept/videos/train/train_00660.mp4, 1
/scratch/eo41/adept/videos/train/train_00306.mp4, 1
/scratch/eo41/adept/videos/train/train_00298.mp4, 1
/scratch/eo41/adept/videos/train/train_00989.mp4, 1
/scratch/eo41/adept/videos/train/train_00818.mp4, 1
/scratch/eo41/adept/videos/train/train_00807.mp4, 1
/scratch/eo41/adept/videos/train/train_00668.mp4, 1
/scratch/eo41/adept/videos/train/train_00319.mp4, 1
/scratch/eo41/adept/videos/train/train_00866.mp4, 1
/scratch/eo41/adept/videos/train/train_00828.mp4, 1
/scratch/eo41/adept/videos/train/train_00106.mp4, 1
/scratch/eo41/adept/videos/train/train_00825.mp4, 1
/scratch/eo41/adept/videos/train/train_00073.mp4, 1
/scratch/eo41/adept/videos/train/train_00269.mp4, 1
/scratch/eo41/adept/videos/train/train_00426.mp4, 1
/scratch/eo41/adept/videos/train/train_00061.mp4, 1
/scratch/eo41/adept/videos/train/train_00015.mp4, 1
/scratch/eo41/adept/videos/train/train_00203.mp4, 1
/scratch/eo41/adept/videos/train/train_00895.mp4, 1
/scratch/eo41/adept/videos/train/train_00718.mp4, 1
/scratch/eo41/adept/videos/train/train_00677.mp4, 1
/scratch/eo41/adept/videos/train/train_00921.mp4, 1
/scratch/eo41/adept/videos/train/train_00272.mp4, 1
/scratch/eo41/adept/videos/train/train_00944.mp4, 1
/scratch/eo41/adept/videos/train/train_00229.mp4, 1
/scratch/eo41/adept/videos/train/train_00082.mp4, 1
/scratch/eo41/adept/videos/train/train_00128.mp4, 1
/scratch/eo41/adept/videos/train/train_00991.mp4, 1
/scratch/eo41/adept/videos/train/train_00662.mp4, 1
/scratch/eo41/adept/videos/train/train_00036.mp4, 1
/scratch/eo41/adept/videos/train/train_00568.mp4, 1
/scratch/eo41/adept/videos/train/train_00293.mp4, 1
/scratch/eo41/adept/videos/train/train_00092.mp4, 1
/scratch/eo41/adept/videos/train/train_00739.mp4, 1
/scratch/eo41/adept/videos/train/train_00736.mp4, 1
/scratch/eo41/adept/videos/train/train_00795.mp4, 1
/scratch/eo41/adept/videos/train/train_00694.mp4, 1
/scratch/eo41/adept/videos/train/train_00374.mp4, 1
/scratch/eo41/adept/videos/train/train_00812.mp4, 1
/scratch/eo41/adept/videos/train/train_00584.mp4, 1
/scratch/eo41/adept/videos/train/train_00422.mp4, 1
/scratch/eo41/adept/videos/train/train_00731.mp4, 1
/scratch/eo41/adept/videos/train/train_00430.mp4, 1
/scratch/eo41/adept/videos/train/train_00864.mp4, 1
/scratch/eo41/adept/videos/train/train_00768.mp4, 1
/scratch/eo41/adept/videos/train/train_00275.mp4, 1
/scratch/eo41/adept/videos/train/train_00253.mp4, 1
/scratch/eo41/adept/videos/train/train_00985.mp4, 1
/scratch/eo41/adept/videos/train/train_00760.mp4, 1
/scratch/eo41/adept/videos/train/train_00011.mp4, 1
/scratch/eo41/adept/videos/train/train_00178.mp4, 1
/scratch/eo41/adept/videos/train/train_00959.mp4, 1
/scratch/eo41/adept/videos/train/train_00674.mp4, 1
/scratch/eo41/adept/videos/train/train_00700.mp4, 1
/scratch/eo41/adept/videos/train/train_00679.mp4, 1
/scratch/eo41/adept/videos/train/train_00519.mp4, 1
/scratch/eo41/adept/videos/train/train_00706.mp4, 1
/scratch/eo41/adept/videos/train/train_00186.mp4, 1
/scratch/eo41/adept/videos/train/train_00630.mp4, 1
/scratch/eo41/adept/videos/train/train_00287.mp4, 1
/scratch/eo41/adept/videos/train/train_00894.mp4, 1
/scratch/eo41/adept/videos/train/train_00743.mp4, 1
/scratch/eo41/adept/videos/train/train_00473.mp4, 1
/scratch/eo41/adept/videos/train/train_00593.mp4, 1
/scratch/eo41/adept/videos/train/train_00522.mp4, 1
/scratch/eo41/adept/videos/train/train_00055.mp4, 1
/scratch/eo41/adept/videos/train/train_00703.mp4, 1
/scratch/eo41/adept/videos/train/train_00094.mp4, 1
/scratch/eo41/adept/videos/train/train_00204.mp4, 1
/scratch/eo41/adept/videos/train/train_00416.mp4, 1
/scratch/eo41/adept/videos/train/train_00210.mp4, 1
/scratch/eo41/adept/videos/train/train_00792.mp4, 1
/scratch/eo41/adept/videos/train/train_00392.mp4, 1
/scratch/eo41/adept/videos/train/train_00146.mp4, 1
/scratch/eo41/adept/videos/train/train_00174.mp4, 1
/scratch/eo41/adept/videos/train/train_00008.mp4, 1
/scratch/eo41/adept/videos/train/train_00764.mp4, 1
/scratch/eo41/adept/videos/train/train_00126.mp4, 1
/scratch/eo41/adept/videos/train/train_00920.mp4, 1
/scratch/eo41/adept/videos/train/train_00602.mp4, 1
/scratch/eo41/adept/videos/train/train_00908.mp4, 1
/scratch/eo41/adept/videos/train/train_00173.mp4, 1
/scratch/eo41/adept/videos/train/train_00848.mp4, 1
/scratch/eo41/adept/videos/train/train_00274.mp4, 1
/scratch/eo41/adept/videos/train/train_00265.mp4, 1
/scratch/eo41/adept/videos/train/train_00380.mp4, 1
/scratch/eo41/adept/videos/train/train_00575.mp4, 1
/scratch/eo41/adept/videos/train/train_00219.mp4, 1
/scratch/eo41/adept/videos/train/train_00477.mp4, 1
/scratch/eo41/adept/videos/train/train_00607.mp4, 1
/scratch/eo41/adept/videos/train/train_00346.mp4, 1
/scratch/eo41/adept/videos/train/train_00088.mp4, 1
/scratch/eo41/adept/videos/train/train_00286.mp4, 1
/scratch/eo41/adept/videos/train/train_00240.mp4, 1
/scratch/eo41/adept/videos/train/train_00283.mp4, 1
/scratch/eo41/adept/videos/train/train_00623.mp4, 1
/scratch/eo41/adept/videos/train/train_00953.mp4, 1
/scratch/eo41/adept/videos/train/train_00588.mp4, 1
/scratch/eo41/adept/videos/train/train_00699.mp4, 1
/scratch/eo41/adept/videos/train/train_00032.mp4, 1
/scratch/eo41/adept/videos/train/train_00625.mp4, 1
/scratch/eo41/adept/videos/train/train_00395.mp4, 1
/scratch/eo41/adept/videos/train/train_00322.mp4, 1
/scratch/eo41/adept/videos/train/train_00168.mp4, 1
/scratch/eo41/adept/videos/train/train_00767.mp4, 1
/scratch/eo41/adept/videos/train/train_00669.mp4, 1
/scratch/eo41/adept/videos/train/train_00129.mp4, 1
/scratch/eo41/adept/videos/train/train_00641.mp4, 1
/scratch/eo41/adept/videos/train/train_00368.mp4, 1
/scratch/eo41/adept/videos/train/train_00252.mp4, 1
/scratch/eo41/adept/videos/train/train_00836.mp4, 1
/scratch/eo41/adept/videos/train/train_00847.mp4, 1
/scratch/eo41/adept/videos/train/train_00737.mp4, 1
/scratch/eo41/adept/videos/train/train_00611.mp4, 1
/scratch/eo41/adept/videos/train/train_00171.mp4, 1
/scratch/eo41/adept/videos/train/train_00114.mp4, 1
/scratch/eo41/adept/videos/train/train_00153.mp4, 1
/scratch/eo41/adept/videos/train/train_00090.mp4, 1
/scratch/eo41/adept/videos/train/train_00202.mp4, 1
/scratch/eo41/adept/videos/train/train_00801.mp4, 1
/scratch/eo41/adept/videos/train/train_00052.mp4, 1
/scratch/eo41/adept/videos/train/train_00664.mp4, 1
/scratch/eo41/adept/videos/train/train_00707.mp4, 1
/scratch/eo41/adept/videos/train/train_00504.mp4, 1
/scratch/eo41/adept/videos/train/train_00501.mp4, 1
/scratch/eo41/adept/videos/train/train_00644.mp4, 1
/scratch/eo41/adept/videos/train/train_00354.mp4, 1
/scratch/eo41/adept/videos/train/train_00216.mp4, 1
/scratch/eo41/adept/videos/train/train_00550.mp4, 1
/scratch/eo41/adept/videos/train/train_00480.mp4, 1
/scratch/eo41/adept/videos/train/train_00350.mp4, 1
/scratch/eo41/adept/videos/train/train_00342.mp4, 1
/scratch/eo41/adept/videos/train/train_00547.mp4, 1
/scratch/eo41/adept/videos/train/train_00965.mp4, 1
/scratch/eo41/adept/videos/train/train_00586.mp4, 1
/scratch/eo41/adept/videos/train/train_00371.mp4, 1
/scratch/eo41/adept/videos/train/train_00583.mp4, 1
/scratch/eo41/adept/videos/train/train_00093.mp4, 1
/scratch/eo41/adept/videos/train/train_00310.mp4, 1
/scratch/eo41/adept/videos/train/train_00808.mp4, 1
/scratch/eo41/adept/videos/train/train_00839.mp4, 1
/scratch/eo41/adept/videos/train/train_00618.mp4, 1
/scratch/eo41/adept/videos/train/train_00450.mp4, 1
/scratch/eo41/adept/videos/train/train_00570.mp4, 1
/scratch/eo41/adept/videos/train/train_00833.mp4, 1
/scratch/eo41/adept/videos/train/train_00915.mp4, 1
/scratch/eo41/adept/videos/train/train_00647.mp4, 1
/scratch/eo41/adept/videos/train/train_00487.mp4, 1
/scratch/eo41/adept/videos/train/train_00468.mp4, 1
/scratch/eo41/adept/videos/train/train_00539.mp4, 1
/scratch/eo41/adept/videos/train/train_00941.mp4, 1
/scratch/eo41/adept/videos/train/train_00226.mp4, 1
/scratch/eo41/adept/videos/train/train_00166.mp4, 1
/scratch/eo41/adept/videos/train/train_00163.mp4, 1
/scratch/eo41/adept/videos/train/train_00956.mp4, 1
/scratch/eo41/adept/videos/train/train_00373.mp4, 1
/scratch/eo41/adept/videos/train/train_00370.mp4, 1
/scratch/eo41/adept/videos/train/train_00548.mp4, 1
/scratch/eo41/adept/videos/train/train_00290.mp4, 1
/scratch/eo41/adept/videos/train/train_00779.mp4, 1
/scratch/eo41/adept/videos/train/train_00595.mp4, 1
/scratch/eo41/adept/videos/train/train_00671.mp4, 1
/scratch/eo41/adept/videos/train/train_00524.mp4, 1
/scratch/eo41/adept/videos/train/train_00057.mp4, 1
/scratch/eo41/adept/videos/train/train_00600.mp4, 1
/scratch/eo41/adept/videos/train/train_00425.mp4, 1
/scratch/eo41/adept/videos/train/train_00502.mp4, 1
/scratch/eo41/adept/videos/train/train_00315.mp4, 1
/scratch/eo41/adept/videos/train/train_00797.mp4, 1
/scratch/eo41/adept/videos/train/train_00167.mp4, 1
/scratch/eo41/adept/videos/train/train_00843.mp4, 1
/scratch/eo41/adept/videos/train/train_00757.mp4, 1
/scratch/eo41/adept/videos/train/train_00659.mp4, 1
/scratch/eo41/adept/videos/train/train_00454.mp4, 1
/scratch/eo41/adept/videos/train/train_00268.mp4, 1
/scratch/eo41/adept/videos/train/train_00744.mp4, 1
/scratch/eo41/adept/videos/train/train_00399.mp4, 1
/scratch/eo41/adept/videos/train/train_00551.mp4, 1
/scratch/eo41/adept/videos/train/train_00225.mp4, 1
/scratch/eo41/adept/videos/train/train_00041.mp4, 1
/scratch/eo41/adept/videos/train/train_00555.mp4, 1
/scratch/eo41/adept/videos/train/train_00222.mp4, 1
/scratch/eo41/adept/videos/train/train_00130.mp4, 1
/scratch/eo41/adept/videos/train/train_00665.mp4, 1
/scratch/eo41/adept/videos/train/train_00604.mp4, 1
/scratch/eo41/adept/videos/train/train_00198.mp4, 1
/scratch/eo41/adept/videos/train/train_00107.mp4, 1
/scratch/eo41/adept/videos/train/train_00084.mp4, 1
/scratch/eo41/adept/videos/train/train_00849.mp4, 1
/scratch/eo41/adept/videos/train/train_00844.mp4, 1
/scratch/eo41/adept/videos/train/train_00127.mp4, 1
/scratch/eo41/adept/videos/train/train_00318.mp4, 1
/scratch/eo41/adept/videos/train/train_00394.mp4, 1
/scratch/eo41/adept/videos/train/train_00543.mp4, 1
/scratch/eo41/adept/videos/train/train_00304.mp4, 1
/scratch/eo41/adept/videos/train/train_00154.mp4, 1
/scratch/eo41/adept/videos/train/train_00301.mp4, 1
/scratch/eo41/adept/videos/train/train_00747.mp4, 1
/scratch/eo41/adept/videos/train/train_00451.mp4, 1
/scratch/eo41/adept/videos/train/train_00949.mp4, 1
/scratch/eo41/adept/videos/train/train_00259.mp4, 1
/scratch/eo41/adept/videos/train/train_00554.mp4, 1
/scratch/eo41/adept/videos/train/train_00857.mp4, 1
/scratch/eo41/adept/videos/train/train_00712.mp4, 1
/scratch/eo41/adept/videos/train/train_00590.mp4, 1
/scratch/eo41/adept/videos/train/train_00335.mp4, 1
/scratch/eo41/adept/videos/train/train_00950.mp4, 1
/scratch/eo41/adept/videos/train/train_00962.mp4, 1
/scratch/eo41/adept/videos/train/train_00987.mp4, 1
/scratch/eo41/adept/videos/train/train_00723.mp4, 1
/scratch/eo41/adept/videos/train/train_00813.mp4, 1
/scratch/eo41/adept/videos/train/train_00266.mp4, 1
/scratch/eo41/adept/videos/train/train_00606.mp4, 1
/scratch/eo41/adept/videos/train/train_00979.mp4, 1
/scratch/eo41/adept/videos/train/train_00087.mp4, 1
/scratch/eo41/adept/videos/train/train_00563.mp4, 1
/scratch/eo41/adept/videos/train/train_00047.mp4, 1
/scratch/eo41/adept/videos/train/train_00217.mp4, 1
/scratch/eo41/adept/videos/train/train_00467.mp4, 1
/scratch/eo41/adept/videos/train/train_00148.mp4, 1
/scratch/eo41/adept/videos/train/train_00102.mp4, 1
/scratch/eo41/adept/videos/train/train_00490.mp4, 1
/scratch/eo41/adept/videos/train/train_00939.mp4, 1
/scratch/eo41/adept/videos/train/train_00892.mp4, 1
/scratch/eo41/adept/videos/train/train_00116.mp4, 1
/scratch/eo41/adept/videos/train/train_00981.mp4, 1
/scratch/eo41/adept/videos/train/train_00010.mp4, 1
/scratch/eo41/adept/videos/train/train_00111.mp4, 1
/scratch/eo41/adept/videos/train/train_00196.mp4, 1
/scratch/eo41/adept/videos/train/train_00469.mp4, 1
/scratch/eo41/adept/videos/train/train_00890.mp4, 1
/scratch/eo41/adept/videos/train/train_00134.mp4, 1
/scratch/eo41/adept/videos/train/train_00672.mp4, 1
/scratch/eo41/adept/videos/train/train_00131.mp4, 1
/scratch/eo41/adept/videos/train/train_00165.mp4, 1
/scratch/eo41/adept/videos/train/train_00172.mp4, 1
/scratch/eo41/adept/videos/train/train_00133.mp4, 1
/scratch/eo41/adept/videos/train/train_00243.mp4, 1
/scratch/eo41/adept/videos/train/train_00152.mp4, 1
/scratch/eo41/adept/videos/train/train_00446.mp4, 1
/scratch/eo41/adept/videos/train/train_00535.mp4, 1
/scratch/eo41/adept/videos/train/train_00193.mp4, 1
/scratch/eo41/adept/videos/train/train_00887.mp4, 1
/scratch/eo41/adept/videos/train/train_00254.mp4, 1
/scratch/eo41/adept/videos/train/train_00095.mp4, 1
/scratch/eo41/adept/videos/train/train_00749.mp4, 1
/scratch/eo41/adept/videos/train/train_00701.mp4, 1
/scratch/eo41/adept/videos/train/train_00031.mp4, 1
/scratch/eo41/adept/videos/train/train_00994.mp4, 1
/scratch/eo41/adept/videos/train/train_00189.mp4, 1
/scratch/eo41/adept/videos/train/train_00567.mp4, 1
/scratch/eo41/adept/videos/train/train_00120.mp4, 1
/scratch/eo41/adept/videos/train/train_00610.mp4, 1
/scratch/eo41/adept/videos/train/train_00279.mp4, 1
/scratch/eo41/adept/videos/train/train_00325.mp4, 1
/scratch/eo41/adept/videos/train/train_00100.mp4, 1
/scratch/eo41/adept/videos/train/train_00980.mp4, 1
/scratch/eo41/adept/videos/train/train_00470.mp4, 1
/scratch/eo41/adept/videos/train/train_00762.mp4, 1
/scratch/eo41/adept/videos/train/train_00351.mp4, 1
/scratch/eo41/adept/videos/train/train_00175.mp4, 1
/scratch/eo41/adept/videos/train/train_00435.mp4, 1
/scratch/eo41/adept/videos/train/train_00220.mp4, 1
/scratch/eo41/adept/videos/train/train_00339.mp4, 1
/scratch/eo41/adept/videos/train/train_00155.mp4, 1
/scratch/eo41/adept/videos/train/train_00815.mp4, 1
/scratch/eo41/adept/videos/train/train_00207.mp4, 1
/scratch/eo41/adept/videos/train/train_00995.mp4, 1
/scratch/eo41/adept/videos/train/train_00862.mp4, 1
/scratch/eo41/adept/videos/train/train_00448.mp4, 1
/scratch/eo41/adept/videos/train/train_00924.mp4, 1
/scratch/eo41/adept/videos/train/train_00891.mp4, 1
/scratch/eo41/adept/videos/train/train_00071.mp4, 1
/scratch/eo41/adept/videos/train/train_00085.mp4, 1
/scratch/eo41/adept/videos/train/train_00859.mp4, 1
/scratch/eo41/adept/videos/train/train_00034.mp4, 1
/scratch/eo41/adept/videos/train/train_00733.mp4, 1
/scratch/eo41/adept/videos/train/train_00137.mp4, 1
/scratch/eo41/adept/videos/train/train_00014.mp4, 1
/scratch/eo41/adept/videos/train/train_00273.mp4, 1
/scratch/eo41/adept/videos/train/train_00613.mp4, 1
/scratch/eo41/adept/videos/train/train_00879.mp4, 1
/scratch/eo41/adept/videos/train/train_00103.mp4, 1
/scratch/eo41/adept/videos/train/train_00245.mp4, 1
/scratch/eo41/adept/videos/train/train_00531.mp4, 1
/scratch/eo41/adept/videos/train/train_00419.mp4, 1
/scratch/eo41/adept/videos/train/train_00983.mp4, 1
/scratch/eo41/adept/videos/train/train_00990.mp4, 1
/scratch/eo41/adept/videos/train/train_00651.mp4, 1
/scratch/eo41/adept/videos/train/train_00227.mp4, 1
/scratch/eo41/adept/videos/train/train_00824.mp4, 1
/scratch/eo41/adept/videos/train/train_00791.mp4, 1
/scratch/eo41/adept/videos/train/train_00410.mp4, 1
/scratch/eo41/adept/videos/train/train_00415.mp4, 1
/scratch/eo41/adept/videos/train/train_00988.mp4, 1
/scratch/eo41/adept/videos/train/train_00048.mp4, 1
/scratch/eo41/adept/videos/train/train_00081.mp4, 1
/scratch/eo41/adept/videos/train/train_00474.mp4, 1
/scratch/eo41/adept/videos/train/train_00021.mp4, 1
/scratch/eo41/adept/videos/train/train_00026.mp4, 1
/scratch/eo41/adept/videos/train/train_00577.mp4, 1
/scratch/eo41/adept/videos/train/train_00538.mp4, 1
/scratch/eo41/adept/videos/train/train_00735.mp4, 1
/scratch/eo41/adept/videos/train/train_00386.mp4, 1
/scratch/eo41/adept/videos/train/train_00938.mp4, 1
/scratch/eo41/adept/videos/train/train_00096.mp4, 1
/scratch/eo41/adept/videos/train/train_00317.mp4, 1
/scratch/eo41/adept/videos/train/train_00145.mp4, 1
/scratch/eo41/adept/videos/train/train_00829.mp4, 1
/scratch/eo41/adept/videos/train/train_00447.mp4, 1
/scratch/eo41/adept/videos/train/train_00039.mp4, 1
/scratch/eo41/adept/videos/train/train_00098.mp4, 1
/scratch/eo41/adept/videos/train/train_00183.mp4, 1
/scratch/eo41/adept/videos/train/train_00523.mp4, 1
/scratch/eo41/adept/videos/train/train_00574.mp4, 1
/scratch/eo41/adept/videos/train/train_00492.mp4, 1
/scratch/eo41/adept/videos/train/train_00571.mp4, 1
/scratch/eo41/adept/videos/train/train_00027.mp4, 1
/scratch/eo41/adept/videos/train/train_00097.mp4, 1
/scratch/eo41/adept/videos/train/train_00984.mp4, 1
/scratch/eo41/adept/videos/train/train_00072.mp4, 1
/scratch/eo41/adept/videos/train/train_00573.mp4, 1
/scratch/eo41/adept/videos/train/train_00683.mp4, 1
/scratch/eo41/adept/videos/train/train_00104.mp4, 1
/scratch/eo41/adept/videos/train/train_00615.mp4, 1
/scratch/eo41/adept/videos/train/train_00787.mp4, 1
/scratch/eo41/adept/videos/train/train_00656.mp4, 1
/scratch/eo41/adept/videos/train/train_00653.mp4, 1
/scratch/eo41/adept/videos/train/train_00471.mp4, 1
/scratch/eo41/adept/videos/train/train_00397.mp4, 1
/scratch/eo41/adept/videos/train/train_00506.mp4, 1
/scratch/eo41/adept/videos/train/train_00110.mp4, 1
/scratch/eo41/adept/videos/train/train_00503.mp4, 1
/scratch/eo41/adept/videos/train/train_00402.mp4, 1
/scratch/eo41/adept/videos/train/train_00218.mp4, 1
/scratch/eo41/adept/videos/train/train_00603.mp4, 1
/scratch/eo41/adept/videos/train/train_00341.mp4, 1
/scratch/eo41/adept/videos/train/train_00409.mp4, 1
/scratch/eo41/adept/videos/train/train_00321.mp4, 1
/scratch/eo41/adept/videos/train/train_00074.mp4, 1
/scratch/eo41/adept/videos/train/train_00569.mp4, 1
/scratch/eo41/adept/videos/train/train_00755.mp4, 1
/scratch/eo41/adept/videos/train/train_00566.mp4, 1
/scratch/eo41/adept/videos/train/train_00667.mp4, 1
/scratch/eo41/adept/videos/train/train_00424.mp4, 1
/scratch/eo41/adept/videos/train/train_00909.mp4, 1
/scratch/eo41/adept/videos/train/train_00936.mp4, 1
/scratch/eo41/adept/videos/train/train_00518.mp4, 1
/scratch/eo41/adept/videos/train/train_00876.mp4, 1
/scratch/eo41/adept/videos/train/train_00873.mp4, 1
/scratch/eo41/adept/videos/train/train_00655.mp4, 1
/scratch/eo41/adept/videos/train/train_00267.mp4, 1
/scratch/eo41/adept/videos/train/train_00481.mp4, 1
/scratch/eo41/adept/videos/train/train_00030.mp4, 1
/scratch/eo41/adept/videos/train/train_00513.mp4, 1
/scratch/eo41/adept/videos/train/train_00255.mp4, 1
/scratch/eo41/adept/videos/train/train_00685.mp4, 1
/scratch/eo41/adept/videos/train/train_00025.mp4, 1
/scratch/eo41/adept/videos/train/train_00221.mp4, 1
/scratch/eo41/adept/videos/train/train_00820.mp4, 1
/scratch/eo41/adept/videos/train/train_00811.mp4, 1
/scratch/eo41/adept/videos/train/train_00717.mp4, 1
/scratch/eo41/adept/videos/train/train_00840.mp4, 1
/scratch/eo41/adept/videos/train/train_00209.mp4, 1
/scratch/eo41/adept/videos/train/train_00070.mp4, 1
/scratch/eo41/adept/videos/train/train_00296.mp4, 1
/scratch/eo41/adept/videos/train/train_00652.mp4, 1
/scratch/eo41/adept/videos/train/train_00089.mp4, 1
/scratch/eo41/adept/videos/train/train_00309.mp4, 1
/scratch/eo41/adept/videos/train/train_00190.mp4, 1
/scratch/eo41/adept/videos/train/train_00530.mp4, 1
/scratch/eo41/adept/videos/train/train_00746.mp4, 1
/scratch/eo41/adept/videos/train/train_00488.mp4, 1
/scratch/eo41/adept/videos/train/train_00978.mp4, 1
/scratch/eo41/adept/videos/train/train_00461.mp4, 1
/scratch/eo41/adept/videos/train/train_00295.mp4, 1
/scratch/eo41/adept/videos/train/train_00741.mp4, 1
/scratch/eo41/adept/videos/train/train_00688.mp4, 1
/scratch/eo41/adept/videos/train/train_00242.mp4, 1
/scratch/eo41/adept/videos/train/train_00292.mp4, 1
/scratch/eo41/adept/videos/train/train_00500.mp4, 1
/scratch/eo41/adept/videos/train/train_00438.mp4, 1
/scratch/eo41/adept/videos/train/train_00345.mp4, 1
/scratch/eo41/adept/videos/train/train_00911.mp4, 1
/scratch/eo41/adept/videos/train/train_00886.mp4, 1
/scratch/eo41/adept/videos/train/train_00179.mp4, 1
/scratch/eo41/adept/videos/train/train_00612.mp4, 1
/scratch/eo41/adept/videos/train/train_00389.mp4, 1
/scratch/eo41/adept/videos/train/train_00918.mp4, 1
/scratch/eo41/adept/videos/train/train_00646.mp4, 1
/scratch/eo41/adept/videos/train/train_00781.mp4, 1
/scratch/eo41/adept/videos/train/train_00401.mp4, 1
/scratch/eo41/adept/videos/train/train_00002.mp4, 1
/scratch/eo41/adept/videos/train/train_00007.mp4, 1
/scratch/eo41/adept/videos/train/train_00300.mp4, 1
/scratch/eo41/adept/videos/train/train_00444.mp4, 1
/scratch/eo41/adept/videos/train/train_00348.mp4, 1
/scratch/eo41/adept/videos/train/train_00709.mp4, 1
/scratch/eo41/adept/videos/train/train_00164.mp4, 1
/scratch/eo41/adept/videos/train/train_00582.mp4, 1
/scratch/eo41/adept/videos/train/train_00516.mp4, 1
/scratch/eo41/adept/videos/train/train_00770.mp4, 1
/scratch/eo41/adept/videos/train/train_00366.mp4, 1
/scratch/eo41/adept/videos/train/train_00842.mp4, 1
/scratch/eo41/adept/videos/train/train_00125.mp4, 1
/scratch/eo41/adept/videos/train/train_00858.mp4, 1
/scratch/eo41/adept/videos/train/train_00692.mp4, 1
/scratch/eo41/adept/videos/train/train_00897.mp4, 1
/scratch/eo41/adept/videos/train/train_00264.mp4, 1
/scratch/eo41/adept/videos/train/train_00710.mp4, 1
/scratch/eo41/adept/videos/train/train_00853.mp4, 1
/scratch/eo41/adept/videos/train/train_00101.mp4, 1
/scratch/eo41/adept/videos/train/train_00423.mp4, 1
/scratch/eo41/adept/videos/train/train_00841.mp4, 1
/scratch/eo41/adept/videos/train/train_00388.mp4, 1
/scratch/eo41/adept/videos/train/train_00418.mp4, 1
/scratch/eo41/adept/videos/train/train_00942.mp4, 1
/scratch/eo41/adept/videos/train/train_00637.mp4, 1
/scratch/eo41/adept/videos/train/train_00882.mp4, 1
/scratch/eo41/adept/videos/train/train_00634.mp4, 1
/scratch/eo41/adept/videos/train/train_00907.mp4, 1
/scratch/eo41/adept/videos/train/train_00773.mp4, 1
/scratch/eo41/adept/videos/train/train_00201.mp4, 1
/scratch/eo41/adept/videos/train/train_00799.mp4, 1
/scratch/eo41/adept/videos/train/train_00486.mp4, 1
/scratch/eo41/adept/videos/train/train_00250.mp4, 1
/scratch/eo41/adept/videos/train/train_00695.mp4, 1
/scratch/eo41/adept/videos/train/train_00271.mp4, 1
/scratch/eo41/adept/videos/train/train_00960.mp4, 1
/scratch/eo41/adept/videos/train/train_00697.mp4, 1
/scratch/eo41/adept/videos/train/train_00139.mp4, 1
/scratch/eo41/adept/videos/train/train_00068.mp4, 1
/scratch/eo41/adept/videos/train/train_00436.mp4, 1
/scratch/eo41/adept/videos/train/train_00541.mp4, 1
/scratch/eo41/adept/videos/train/train_00608.mp4, 1
/scratch/eo41/adept/videos/train/train_00752.mp4, 1
/scratch/eo41/adept/videos/train/train_00132.mp4, 1
/scratch/eo41/adept/videos/train/train_00540.mp4, 1
/scratch/eo41/adept/videos/train/train_00834.mp4, 1
/scratch/eo41/adept/videos/train/train_00572.mp4, 1
/scratch/eo41/adept/videos/train/train_00441.mp4, 1
/scratch/eo41/adept/videos/train/train_00933.mp4, 1
